InterviewerKey,InterviewerName,Title,DepartmentKey,LocationKey
1,Mckenzie Garcia,Associate,1,1
2,John Nichols,Associate,2,2
3,Bianca Lambert,Senior,3,3
4,John Harris,Associate,4,4
5,Crystal Ellis,Manager,5,5
6,William Freeman,Senior,6,6
7,Miguel Perry,Associate,7,1
8,Allison Bass,Associate,8,2
9,Robert Dougherty,Senior,1,3
10,Mrs. Melissa Rodriguez,Manager,2,4
11,Brandon Edwards,Associate,3,5
12,Scott Carter,Senior,4,6
13,Kimberly Lee,Associate,5,1
14,Francisco Hopkins,Associate,6,2
15,Manuel Woodard,Manager,7,3
16,Elizabeth Ellis,Associate,8,4
17,Mr. Gary Joyce,Associate,1,5
18,Charles Pearson,Senior,2,6
19,Edgar Leon,Associate,3,1
20,Jacqueline Harris,Manager,4,2
21,Mackenzie Gordon,Senior,5,3
22,Gregory Carter,Associate,6,4
23,Karen Harris,Associate,7,5
24,Nicole Dillon,Senior,8,6
25,Dana Stafford,Manager,1,1
26,Jennifer Morris,Associate,2,2
27,Leslie Martin,Senior,3,3
28,Dr. John Sanders,Associate,4,4
29,Victoria Crosby,Associate,5,5
30,Scott Harris,Manager,6,6
31,Stephen Garcia,Associate,7,1
32,Derek Clark,Associate,8,2
33,Nicholas Welch,Senior,1,3
34,Ralph Bradshaw,Associate,2,4
35,Caroline Burns,Manager,3,5
36,Cindy Salazar,Senior,4,6
37,Cynthia Thomas,Associate,5,1
38,Kerry Gonzales,Associate,6,2
39,Richard Copeland,Senior,7,3
40,Raymond Smith,Manager,8,4
41,Amanda Holden,Associate,1,5
42,Lisa Small DDS,Senior,2,6
43,Michael Kidd,Associate,3,1
44,Colleen Henderson,Associate,4,2
45,Rebecca Lewis,Manager,5,3
46,Gina Smith,Associate,6,4
47,Lauren Harmon,Associate,7,5
48,Joshua Mclean,Senior,8,6
49,Wesley Oliver,Associate,1,1
50,Melissa Gallagher,Manager,2,2
51,Lance Young,Senior,3,3
52,Erik Browning,Associate,4,4
53,Karina Jensen,Associate,5,5
54,Dylan Brewer,Senior,6,6
55,Phillip Summers,Manager,7,1
56,Jared Jackson,Associate,8,2
57,Roger Green,Senior,1,3
58,Oscar Trujillo,Associate,2,4
59,Nicole Thomas,Associate,3,5
60,Jeffrey Romero,Manager,4,6
61,Melissa Mccarthy,Associate,5,1
62,Regina Schroeder,Associate,6,2
63,Roy Burch,Senior,7,3
64,Anita Bates,Associate,8,4
65,Cindy Brooks,Manager,1,5
66,Mary Jenkins,Senior,2,6
67,Natalie West,Associate,3,1
68,Jo Lopez,Associate,4,2
69,Nicole Marquez,Senior,5,3
70,Rose Brown,Manager,6,4
71,Philip Johnson,Associate,7,5
72,Cynthia Davila,Senior,8,6
73,Vanessa Phillips,Associate,1,1
74,Emily Jones,Associate,2,2
75,Jeffrey Ward Jr.,Manager,3,3
76,Christine Coleman,Associate,4,4
77,Andrew Sandoval,Associate,5,5
78,Gregory Weaver,Senior,6,6
79,Jordan Braun,Associate,7,1
80,Tyler Farrell DDS,Manager,8,2
81,Joe Sandoval,Senior,1,3
82,Ann Wallace,Associate,2,4
83,Alvin Freeman DVM,Associate,3,5
84,James Walker,Senior,4,6
85,Michelle Caldwell,Manager,5,1
86,Mitchell Day,Associate,6,2
87,Margaret Davis,Senior,7,3
88,Gabriela Williams,Associate,8,4
89,Kristen Graham,Associate,1,5
90,Joy Parsons,Manager,2,6
91,Mrs. Molly Stein,Associate,3,1
92,Taylor Weber,Associate,4,2
93,Christian Johnson,Senior,5,3
94,Hunter Valdez,Associate,6,4
95,Maria Chen,Manager,7,5
96,Victoria Woods,Senior,8,6
97,Christopher Walker,Associate,1,1
98,Diana Cooley,Associate,2,2
99,Robin Reynolds,Senior,3,3
100,Lisa Vincent,Manager,4,4
101,Kevin Montgomery,Associate,5,5
102,Michelle Aguirre PhD,Senior,6,6
103,Omar Ray,Associate,7,1
104,Joseph Richmond,Associate,8,2
105,Kelly Serrano,Manager,1,3
106,Christopher English,Associate,2,4
107,Sarah Jenkins,Associate,3,5
108,Kayla Mcneil,Senior,4,6
109,Rachel Davis,Associate,5,1
110,Cory Cooper,Manager,6,2
111,Jon Webb,Senior,7,3
112,Cheryl Davila,Associate,8,4
113,Kaylee White,Associate,1,5
114,Scott Hodges,Senior,2,6
115,Anna Wilson,Manager,3,1
116,Sabrina Lee,Associate,4,2
117,Ashley Morales,Senior,5,3
118,William Williams,Associate,6,4
119,Kimberly Davis,Associate,7,5
120,Mrs. Jessica Davis,Manager,8,6
121,Ashley Walker,Associate,1,1
122,Hannah Escobar,Associate,2,2
123,Micheal Williams,Senior,3,3
124,Aaron Cook,Associate,4,4
125,Nicholas Hayes,Manager,5,5
126,Amber Herrera,Senior,6,6
127,Brandon Sharp,Associate,7,1
128,Christopher Terry MD,Associate,8,2
129,Shane Morales,Senior,1,3
130,Nicholas Randolph,Manager,2,4
131,Michelle Jones,Associate,3,5
132,Jonathan Fleming,Senior,4,6
133,David Adams,Associate,5,1
134,Joe Rios,Associate,6,2
135,Erika Alexander,Manager,7,3
136,Edward Ford,Associate,8,4
137,Michelle Rangel,Associate,1,5
138,Andrew Duran,Senior,2,6
139,William Davis,Associate,3,1
140,Daniel Murray,Manager,4,2
141,Aaron Bell,Senior,5,3
142,Scott Simmons,Associate,6,4
143,Kristen Grimes,Associate,7,5
144,Adrian Byrd,Senior,8,6
145,Gina Cooper,Manager,1,1
146,Kayla Mullins,Associate,2,2
147,Charles Roberts,Senior,3,3
148,James Rose,Associate,4,4
149,Crystal Benton,Associate,5,5
150,Elizabeth Raymond,Manager,6,6
